title,link
"Fact-check: No, Punjab has not banned male professors from teaching female students",https://www.geo.tv/latest/605340-fact-check-no-punjab-has-not-banned-male-professors-from-teaching-female-students
"Fact-check: No, State Bank of Pakistan has not banned pen marks on currency notes",https://www.geo.tv/latest/604893-fact-check-no-the-state-bank-of-pakistan-has-not-banned-pen-marks-on-currency-notes
Fact-check: Viral 'Pakistani pilot' photo is actually from Turkey,https://www.geo.tv/latest/604567-fact-check-viral-pakistani-pilot-photo-is-actually-from-turkey
Fact-check: Fake document claims radiation leak in Pakistan after India conflict,https://www.geo.tv/latest/604457-fact-check-fake-document-claims-radiation-leak-in-pakistan-after-india-conflict
Fact-check: Old fire and jet crash videos linked to recent Pakistan-India conflict,https://www.geo.tv/latest/604416-fact-check-old-fire-and-jet-crash-videos-linked-to-recent-pak-india-conflict
Fact-check: Unrelated explosion video shared as footage from Pakistan-India conflict,https://www.geo.tv/latest/604221-fact-check-unrelated-explosion-video-shared-as-footage-from-pakistan-india-conflict
Fact-check: Old video of Trump mocking Marco Rubio falsely linked to Pakistan-India water dispute,https://www.geo.tv/latest/604191-fact-check-old-video-of-trump-mocking-marco-rubio-falsely-linked-to-pakistan-india-water-dispute
"Fact-check: Viral clips falsely claim to show Indian airstrikes on Sialkot, Rawalpindi",https://www.geo.tv/latest/603892-fact-check-viral-clips-falsely-claim-to-show-indian-airstrikes-on-sialkot-rawalpindi
Fact-check: India TV falsely labels AJK press freedom protest as anti-military demonstration,https://www.geo.tv/latest/603599-fact-check-india-tv-falsely-labels-ajk-press-freedom-protest-as-anti-military-demonstration
Fact-check: Old videos falsely linked to recent India–Pakistan tensions after Pahalgam attack,https://www.geo.tv/latest/603519-fact-check-old-videos-falsely-linked-to-recent-indiapakistan-tensions-after-pahalgam-attack
Fact-Check: 2019 Italian PM speech misrepresented as threat to Pakistan,https://www.geo.tv/latest/603196-fact-check-2019-italian-pm-speech-misrepresented-as-threat-to-pakistan
Fact-Check: Viral letter claiming PM Shehbaz was hospitalised is fake,https://www.geo.tv/latest/602926-fact-check-viral-letter-claiming-pm-shehbaz-was-hospitalised-is-fake
Fact-check: True. 23 Peca cases registered in one day by Lahore police over 'anti-state' content,https://www.geo.tv/latest/602804-fact-check-true-23-peca-cases-registered-in-one-day-by-lahore-police-over-anti-state-content
Fact-check: Is Rawalpindi forcing teachers to enrol children in public schools?,https://www.geo.tv/latest/602404-fact-check-is-rawalpindi-forcing-teachers-to-enrol-children-in-public-schools
Fact-check: Claim that CNN survey shows Imran Khan's popularity at 90% is false,https://www.geo.tv/latest/601732-fact-check-claim-that-cnn-survey-shows-imran-khans-popularity-at-90-is-false
Fact-check: Old clip of Lebanese leader falsely shared as PM Shehbaz falling,https://www.geo.tv/latest/601555-fact-check-old-clip-of-lebanese-leader-falsely-shared-as-pm-shehbaz-falling
Fact-check: Iqra Aziz did not mock PM Shehbaz Sharif's caller tune,https://www.geo.tv/latest/601302-fact-check-iqra-aziz-did-not-mock-pm-shehbaz-sharifs-caller-tune
Fact-Check: Punjab govt ad bars Ahmadis from state land auction in Chiniot,https://www.geo.tv/latest/601034-fact-check
"Fact-check: No, this blast video isn't from Pakistan — it's from Syria",https://www.geo.tv/latest/600603-fact-check-no-this-blast-video-isnt-from-pakistan-its-from-syria
Fact-check: Viral video falsely claims Afghan refugee confessed to political violence in Pakistan,https://www.geo.tv/latest/600415-fact-check-viral-video-falsely-claims-afghan-refugee-confessed-to-political-violence-in-pakistan
"Fact-check: Fake link promises Rs20,000 under Ehsaas Rashan Program",https://www.geo.tv/latest/600121-fact-check-fake-link-promises-rs20000-under-ehsaas-rashan-program
"Fact-check: No, Maryam Nawaz Sharif did not say her government is collapsing",https://www.geo.tv/latest/599519-fact-check-no-maryam-nawaz-sharif-did-not-say-her-government-is-collapsing
"Fact-check: No, consuming borax does not cleanse the intestines or improve health",https://www.geo.tv/latest/599188-fact-check-no-consuming-borax-does-not-cleanse-the-intestines-or-improve-health
Fact-check: Video shot in Oman falsely linked to families of missing persons in Balochistan,https://www.geo.tv/latest/599125-fact-check-video-shot-in-oman-falsely-linked-to-families-of-missing-persons-in-balochistan
Fact-check: Not all foreigners can obtain Pakistani citizenship by investing Rs5m,https://www.geo.tv/latest/598814-fact-check-not-all-foreigners-can-obtain-pakistani-citizenship-by-investing-rs5-million
Fact-check: Deepfake video falsely claims Trump criticised Pakistan's treatment of Christians,https://www.geo.tv/latest/597499-fact-check-deepfake-video-falsely-claims-trump-criticised-pakistans-treatment-of-christians
Fact-check: Doctored video falsely claims Saudi anchor criticised PM over Umrah expenses,https://www.geo.tv/latest/597378-fact-check-doctored-video-falsely-claims-saudi-anchor-criticised-pm-shehbaz-sharif-over-umrah-expenses
Fact-check: Old poster resurfaces about wheat prices in Punjab,https://www.geo.tv/latest/597185-fact-check-old-poster-resurfaces-about-wheat-prices-in-punjab
"Fact-check: Claim in video about Punjab govt offering Rs18,000 in aid through weblink is false",https://www.geo.tv/latest/596888-fact-check-claim-in-video-about-punjab-govt-offering-rs18000-in-aid-through-weblink-is-false
Fact-check: Did BRT Peshawar hike its fare to Rs510?,https://www.geo.tv/latest/596262-fact-check-did-brt-peshawar-hike-its-fare-to-rs510
Fact-check: Punjab govt rolls out new taxes on agricultural income,https://www.geo.tv/latest/595475-fact-check-punjab-govt-rolls-out-new-taxes-on-agricultural-income
Fact-check: Edited video of Qazi Faez Isa on Imran Khan's cases goes viral,https://www.geo.tv/latest/595314-fact-check-edited-video-of-qazi-faez-isa-on-imran-khans-cases-goes-viral
Fact-check: Claim about Momina Iqbal's gender identity and family is false,https://www.geo.tv/latest/594997-fact-check-claim-about-momina-iqbals-gender-identity-and-family-is-false
Fact-check: Snake video circulating as Lahore match footage actually from Sri Lanka,https://www.geo.tv/latest/594901-fact-check-snake-video-circulating-as-lahore-match-footage-actually-from-sri-lanka
Fact-check: Dandelion root tea does not kill cancer cells in 48 hours,https://www.geo.tv/latest/594191-fact-check-dandelion-root-tea-does-not-kill-cancer-cells-in-48-hours
Fact-check: Claim of free electricity in Punjab for Ramadan debunked as false,https://www.geo.tv/latest/593898-fact-check-claim-of-free-electricity-in-punjab-for-ramadan-debunked-as-false
Fact-check: Viral video claiming woman is PTI leader's sister is false,https://www.geo.tv/latest/593656-fact-check-viral-video-claiming-woman-is-pti-leaders-sister-is-false
Fact-check: Did Lahore High Court grant lawyers in Punjab gazetted officer status?,https://www.geo.tv/latest/593469-fact-check-did-the-lahore-high-court-grant-lawyers-in-punjab-gazetted-officer-status
Fact-check: Claim that Islamabad High Court exceeds constitutional limit of 12 judges is false,https://www.geo.tv/latest/591774-fact-check-claim-that-islamabad-high-court-exceeds-constitutional-limit-of-12-judges-is-false
Fact-check: Mass surveillance of WhatsApp calls and groups in Pakistan?,https://www.geo.tv/latest/591353-fact-check-mass-surveillance-of-whatsapp-calls-and-groups-in-pakistan
"Fact-check: Pine nut orchards in North Waziristan are privately owned, not by Pakistan Army",https://www.geo.tv/latest/590299-fact-check-pine-nut-orchards-in-north-waziristan-are-privately-owned-not-by-pakistan-army
Video shows incomplete cricket stadium in Pakistan ahead of ICC Champions Trophy?,https://www.geo.tv/latest/590073-video-shows-incomplete-cricket-stadium-in-pakistan-ahead-of-icc-champions-trophy
"Fact-check: Govt to expel Afghan refugees from Islamabad, Rawalpindi: officials",https://www.geo.tv/latest/589275-fact-check-govt-to-expel-afghan-refugees-from-islamabad-and-rawalpindi-officials-confirm
Fact-Check: Fake link circulating online promises free laptops under Prime Minister's scheme,https://www.geo.tv/latest/588971-fact-check-fake-link-circulating-online-promises-free-laptops-under-prime-ministers-scheme
Fact-check: FIR confirmed. Police officer caught selling drugs in Multan,https://www.geo.tv/latest/588910-fact-check-fir-confirmed-police-officer-caught-selling-drugs-in-multan
Fact-check: Viral claim of Pakistani flag burning in Kurram is false,https://www.geo.tv/latest/587955-fact-check-viral-claim-of-pakistani-flag-burning-in-kurram-is-false
Fact-check: Has a new chapter on Maryam Nawaz been added to 10th-grade textbook?,https://www.geo.tv/latest/587764-fact-check-has-a-new-chapter-on-maryam-nawaz-been-added-to-the-10th-grade-textbook
Fact-check: NADRA has not removed Azad Jammu and Kashmir from ID cards,https://www.geo.tv/latest/587573-fact-check-nadra-has-not-removed-azad-jammu-and-kashmir-from-id-cards
Fact-check: Children being forced to sing PTI songs in schools?,https://www.geo.tv/latest/586857-fact-check-children-being-forced-to-sing-pti-songs-in-schools
"Fact-check: Video of dogs attacking woman in Karachi is from India, not Pakistan",https://www.geo.tv/latest/586505-fact-check-video-of-dogs-attacking-woman-in-karachi-is-from-india-not-pakistan
Fact-check: PTV broadcasts false and dangerous claim calling chemotherapy 'fraud',https://www.geo.tv/latest/585694-fact-check-ptv-broadcasts-false-and-dangerous-claim-calling-chemotherapy-fraud
Fact-check: Fake eggs being sold to customers in Punjab?,https://www.geo.tv/latest/585412-fact-check-fake-eggs-being-sold-to-customers-in-punjab
Fact-check: Fake letter circulates online claiming UAE embassy demanded action over derogatory social media post,https://www.geo.tv/latest/584659-fact-check-fake-letter-circulates-online-claiming-uae-embassy-demanded-action-over-derogatory-social-media-post
Fact-check: P@SHA chairman's claim on US surveillance debunked,https://www.geo.tv/latest/584463-fact-check-psha-chairmans-claim-on-us-surveillance-debunked
Fact-check: Photo of Trump and Grenell holding 'Free Imran Khan' banner created using AI,https://www.geo.tv/latest/584226-fact-check-photo-of-trump-and-grenell-holding-free-imran-khan-banner-created-using-ai
Fact-check: Video claiming Taliban shot down Pakistani helicopter is false,https://www.geo.tv/latest/583874-fact-check-video-claiming-taliban-shot-down-pakistani-helicopter-is-false
Fact-check: Fake video claims Imran Khan apologised to Nawaz Sharif on Geo News,https://www.geo.tv/latest/583703-fact-check-fake-video-claims-imran-khan-apologised-to-nawaz-sharif-on-geo-news
Fact-check: AI-generated videos mislead viewers into believing Pakistani actors are kissing in TV shows,https://www.geo.tv/latest/582994-fact-check-ai-generated-videos-mislead-viewers-into-believing-pakistani-actors-are-kissing-in-tv-shows
Fact-check: Has Saidu Sharif Hospital been seized by private renters?,https://www.geo.tv/latest/582690-fact-check-has-saidu-sharif-hospital-been-seized-by-private-renters
Fact-check: Debunking polio vaccine myths causing panic on social media,https://www.geo.tv/latest/581683-fact-checkdebunking-polio-vaccine-myths-causing-panic-on-social-media
"Fact-check: P@SHA's chairman makes misleading claims about VPN registration, data monitoring in democratic countries",https://www.geo.tv/latest/581302-pshas-chairman-makes-misleading-claims-about-vpn-registration-and-data-monitoring-in-democratic-countries
Fact-check: Viral video claiming to show Pakistani prisons actually filmed in Vietnam,https://www.geo.tv/latest/580300-fact-check-viral-video-claiming-to-show-pakistani-prisons-actually-filmed-in-vietnam
Fact-check: Fake notification claims federal govt has allowed opium cultivation in Balochistan,https://www.geo.tv/latest/580236-fact-check-fake-notification-claims-federal-government-has-allowed-opium-cultivation-in-balochistan
Fact-check: Viral video of Imran Khan with two women is AI-generated,https://www.geo.tv/latest/579407-fact-check-viral-video-of-imran-khan-with-two-women-is-ai-generated
"Fact-check: No, Umrah pilgrims are not required to submit a declaration promising not to beg",https://www.geo.tv/latest/579230-fact-check-no-umrah-pilgrims-are-not-required-to-submit-a-declaration-promising-not-to-beg
Fact-check: Is Punjab govt building near Rawal Dam without EPA approval?,https://www.geo.tv/latest/579004-fact-check-is-punjab-government-building-near-rawal-dam-without-epa-approval
Fact-check: Punjab govt earned billions in Green Tractor application fees?,https://www.geo.tv/latest/578854-fact-check-punjab-govt-earned-billions-in-green-tractor-application-fees
Fact-check: Did Aseefa Bhutto-Zardari say Imran Khan's life is in danger?,https://www.geo.tv/latest/578243-fact-check-did-aseefa-bhutto-zardari-say-imran-khans-life-is-in-danger
Fact-check: Viral images and videos unrelated to Islamabad operation,https://www.geo.tv/latest/577812-fact-check-viral-images-and-videos-unrelated-to-islamabad-operation
Fact-check: Video falsely claims Hrithik Roshan supports Imran Khan,https://www.geo.tv/latest/577625-fact-check-video-falsely-claims-hrithik-roshan-supports-imran-khan
Fact-check: Govt's claim of no PTI supporters' deaths during Islamabad raid proven false,https://www.geo.tv/latest/577124-fact-check-govts-claim-of-no-pti-supporters-deaths-during-islamabad-raid-proven-false
Fact-check: Viral video of baby misattributed to Kurram violence,https://www.geo.tv/latest/577084-fact-check-viral-video-of-baby-misattributed-to-kurram-violence
Fact-check: Fake letter claims PTI hired US firm to apologise for anti-US remarks,https://www.geo.tv/latest/576972-fact-check-fake-letter-claims-pti-hired-us-firm-to-apologise-for-anti-us-remarks
Fact-check: Old video incorrectly linked to recent Kurram violence,https://www.geo.tv/latest/576582-fact-check-old-video-incorrectly-linked-to-recent-kurram-violence
Fact-check: Viral photo of blood-stained milk bottle falsely linked to Kurram violence,https://www.geo.tv/latest/576388-fact-check-viral-photo-of-blood-stained-milk-bottle-falsely-linked-to-kurram-violence
Fact-check: Nawaz Sharif heckled by PTI supporters on flight back to Pakistan?,https://www.geo.tv/latest/575792-fact-check-nawaz-sharif-heckled-by-pti-supporters-on-flight-back-to-pakistan
Fact-check: Claims of only barren land being leased for corporate farming are false,https://www.geo.tv/latest/575790-fact-check-claims-of-only-barren-land-being-leased-for-corporate-farming-are-false
Fact-check: No public holiday announced in Punjab for Khadim Hussain Rizvi's death anniversary,https://www.geo.tv/latest/575204-fact-check-no-public-holiday-announced-in-punjab-for-khadim-hussain-rizvis-death-anniversary
"Fact-check: No, Atif Aslam did not refuse to perform in Saudi Arabia",https://www.geo.tv/latest/574935-fact-check-no-atif-aslam-did-not-refuse-to-perform-in-saudi-arabia
Fact-check: False. Quetta suicide bomber was not previously a missing person,https://www.geo.tv/latest/574632-fact-check-false-quetta-suicide-bomber-was-not-previously-a-missing-person
Fact-check: Misleading claims about TikTok ban in Canada debunked,https://www.geo.tv/latest/574453-fact-check-misleading-claims-about-tiktok-ban-in-canada-debunked
Fact-check: Aitzaz Ahsan did not accuse two SC judges of facilitating political party,https://www.geo.tv/latest/574141-fact-check-aitzaz-ahsan-did-not-accuse-two-supreme-court-judges-of-facilitating-a-political-party
Fact-check: Asad Qaiser did not urge Pakistan to allow smuggling with Afghanistan,https://www.geo.tv/latest/574042-fact-check-asad-qaiser-did-not-urge-pakistan-to-allow-smuggling-with-afghanistan
Fact-check: Trump supporting Imran Khan? Viral video proven fake,https://www.geo.tv/latest/573222-fact-check-trump-supporting-imran-khan-viral-video-proven-fake
Fact-check: Viral website of Punjab's free solar panel scheme is fake,https://www.geo.tv/latest/573177-fact-check-viral-website-of-punjabs-free-solar-panel-scheme-is-fake
Fact-check: Punjab police have not announced crackdown on freelance journalists,https://www.geo.tv/latest/573023-fact-check-punjab-police-have-not-announced-crackdown-on-freelance-journalists
"Fact-check: No, chief justice of Pakistan has not appointed Justice Mansoor Ali Shah as head of constitutional benches",https://www.geo.tv/latest/572675-fact-check-no-chief-justice-of-pakistan-has-not-appointed-justice-mansoor-ali-shah-as-head-of-constitutional-benches
Fact-check: No country in the world where judges appoint other judges?,https://www.geo.tv/latest/572082-fact-check-no-country-in-the-world-where-judges-appoint-other-judges
Fact-check: Video of child tortured in Muzaffargarh is authentic; suspects arrested,https://www.geo.tv/latest/571825-fact-check-video-of-child-tortured-in-muzaffargarh-is-authentic-suspects-arrested
Fact-check: AI-generated video of Justice Mansoor Ali Shah goes viral online,https://www.geo.tv/latest/571499-fact-check-ai-generated-video-of-justice-mansoor-ali-shah-goes-viral-online
Fact-check: Fabricated post claims Oxford disqualified Imran Khan from Chancellor race due to support for Palestine,https://www.geo.tv/latest/571353-fact-check-fabricated-post-claims-oxford-disqualified-imran-khan-from-chancellor-race-due-to-support-for-palestine
"Fact-check: No, the 26th amendment did not raise Supreme Court's appeal fee to Rs1 million",https://www.geo.tv/latest/570809-fact-check-no-the-26th-amendment-did-not-raise-supreme-courts-appeal-fee-to-rs1-million
Fact-check: Video doesn't show Pashtun Tahaffuz Movement training youth for combat,https://www.geo.tv/latest/570296-fact-check-video-doesnt-show-pashtun-tahaffuz-movement-training-youth-for-combat
Fact-check: Viral video falsely links Punjab education minister to sexual assault allegations,https://www.geo.tv/latest/570131-fact-check-viral-video-falsely-links-punjab-education-minister-to-sexual-assault-allegations
Fact-check: Pakistan did not mute Indian Minister Jaishankar's SCO speech,https://www.geo.tv/latest/569519-fact-check-pakistan-did-not-mute-indian-minister-jaishankars-sco-speech
"Fact-check: Contrary to defence minister's claim, PTI has publicly condemned Israel's war in Gaza",https://www.geo.tv/latest/569166-fact-check-contrary-to-defence-ministers-claim-pti-has-publicly-condemned-israels-war-in-gaza
"Fact-check: Yes, Balochistan has issued notification allowing ISI to vet civil servants",https://www.geo.tv/latest/568255-fact-check-yes-balochistan-has-issued-a-notification-allowing-isi-to-vet-civil-servants
Fact-check: Barzakh episodes removed from YouTube globally amid content controversy?,https://www.geo.tv/latest/568040-fact-check-barzakh-episodes-removed-from-youtube-globally-amid-content-controversy
Fact-check: Claims of Pakistan having Asia's largest oil and gas reserves are unsubstantiated,https://www.geo.tv/latest/567939-fact-check-claims-of-pakistan-having-asias-largest-oil-and-gas-reserves-are-unsubstantiated
Fact-check: Viral rumours cause confusion over Easypaisa account closures,https://www.geo.tv/latest/567772-fact-check-viral-rumours-cause-confusion-over-easypaisa-account-closures
Fact-check: False claims circulate about HEC dropping Urdu as mandatory subject at undergraduate level,https://www.geo.tv/latest/567448-fact-check-false-claims-circulate-about-hec-dropping-urdu-as-a-mandatory-subject-at-the-undergraduate-level
Fact-check: Viral claims about Justice Babar Sattar's resignation and US travel are false,https://www.geo.tv/latest/567132-fact-check-viral-claims-about-justice-babar-sattars-resignation-and-us-travel-are-false
Fact-check: Senator Irfan Siddiqui misleads on parliament's unlimited power to amend Constitution,https://www.geo.tv/latest/567021-fact-check-senator-irfan-siddiqui-misleads-on-parliaments-unlimited-power-to-amend-constitution
Fact-check: Punjab's Rs27bn school milk contract awarded to army-run company?,https://www.geo.tv/latest/566862-fact-check-punjabs-rs27bn-school-milk-contract-awarded-to-army-run-company
Fact-check: False claims of PTI supporters vandalising tollbooth debunked,https://www.geo.tv/latest/566314-fact-check-false-claims-of-pti-supporters-vandalising-tollbooth-debunked
"Fact-check: No, donut shop not sealed following incident involving chief justice",https://www.geo.tv/latest/566094-fact-check-no-donut-shop-not-sealed-following-incident-involving-chief-justice
Fact-check: False claims spread about KP law minister's remarks about Imran Khan,https://www.geo.tv/latest/565879-fact-check-false-claims-spread-about-kp-law-ministers-remarks-about-imran-khan
Fact-Check: True. Professor in Sialkot fired due to his faith,https://www.geo.tv/latest/565749-fact-check-true-professor-in-sialkot-fired-for-his-faith
Fact-check: Government to retire civil servants outside 35-50 age range?,https://www.geo.tv/latest/565363-fact-check-government-to-retire-civil-servants-outside-35-50-age-range
Fact-check: No decision made to withdraw army from Lakki Marwat,https://www.geo.tv/latest/564961-fact-check-no-decision-made-to-withdraw-army-from-lakki-marwat
Fact-check: PTA lawyer falsely claims ban on X has been lifted,https://www.geo.tv/latest/564784-fact-check-pta-lawyer-falsely-claims-ban-on-x-has-been-lifted
Fact-check: True. Students did protest FC check post at women-only college in Balochistan,https://www.geo.tv/latest/563994-fact-check-true-students-did-protest-fc-check-post-at-women-only-college-in-balochistan
Fact-check: BBC Urdu did not report that PTI's Ali Amin Gandapur fled to Afghanistan in burqa,https://www.geo.tv/latest/563646-fact-check-bbc-urdu-did-not-report-that-ptis-ali-amin-gandapur-fled-to-afghanistan-in-burqa
Fact-check: Posts claiming Omar Ayub demanded release of BLA militants is false,https://www.geo.tv/latest/563399-fact-check-posts-claiming-omar-ayub-demanded-release-of-bla-militants-is-false
Fact-check: Viral video claiming to show Khawaja Asif's daughter dancing is false,https://www.geo.tv/latest/562950-fact-check-viral-video-claiming-to-show-khawaja-asifs-daughter-dancing-is-false
Fact-check: No truth to claims that Punjab's free milk programme for schools is cancelled,https://www.geo.tv/latest/562693-fact-check-no-truth-to-claims-that-punjabs-free-milk-program-for-schools-is-cancelled
Fact-check: False claims link Balochistan woman suicide bomber to missing person,https://www.geo.tv/latest/562544-fact-check-false-claims-link-balochistan-woman-suicide-bomber-to-missing-person
Fact-check: False claims spread online about Justice Mansoor Ali Shah being threatened to resign,https://www.geo.tv/latest/562226-fact-check-false-claims-spread-online-about-justice-mansoor-ali-shah-being-threatened-to-resign
"Fact-check: False claims about Khan's 'removal' from University of Bradford, Oxford chancellorship debunked",https://www.geo.tv/latest/561685-fact-check-false-claims-about-imran-khans-removal-from-university-of-bradford-oxford-chancellorship-debunked
"Fact-check: No, Pakistan has not granted visa-free entry to Bangladeshi citizens",https://www.geo.tv/latest/561365-fact-check-no-pakistan-has-not-granted-visa-free-entry-to-bangladeshi-citizens
"Fact-check: NACTA, interior ministry deny issuing terrorism alerts against PTI student leaders",https://www.geo.tv/latest/561069-fact-check-nacta-interior-ministry-deny-issuing-terrorism-alerts-against-pti-student-leaders
"Fact-check: No, Pakistan's ATMs and online banking are not under cyber-attack",https://www.geo.tv/latest/560424-fact-check-no-pakistans-atms-and-online-banking-are-not-under-cyber-attack
Fact-check: Gandapur urges Imran Khan to apologise for May 9?,https://www.geo.tv/latest/560254-fact-check-gandapur-urges-imran-khan-to-apologise-for-may-9
Fact-check: It's true. Fiverr did flag Pakistani freelancers as 'unavailable' due to Internet disruptions,https://www.geo.tv/latest/560127-fact-check-its-true-fiverr-did-flag-pakistani-freelancers-as-unavailable-due-to-internet-disruptions
Fact-check: Fraudulent Islamabad traffic police website selling fake driving licences exposed,https://www.geo.tv/latest/559517-fact-check-fraudulent-islamabad-traffic-police-website-selling-fake-driving-licences-exposed
Fact-check: Photo of Mahrang Baloch with foreign journalist misused to question her agenda,https://www.geo.tv/latest/559041-fact-check-photo-of-mahrang-baloch-with-foreign-journalist-misused-to-question-her-agenda
Fact-check: Video does not show PTI leader with alcohol,https://www.geo.tv/latest/558973-fact-check-video-does-not-show-pti-leader-with-alcohol
"Fact-check: Contrary to Punjab minister's claim, rules for social media do exist in Pakistan",https://www.geo.tv/latest/558802-fact-check-contrary-to-punjab-ministers-claim-rules-for-social-media-do-exist-in-pakistan
Fact-check: Pakistan did not announce plans to supply arms to Iran at OIC meeting,https://www.geo.tv/latest/558320-fact-check-pakistan-did-not-announce-plans-to-supply-arms-to-iran-at-oic-meeting
Fact-check: Retired army officer not appointed HEC chairperson; heads National Technology Council instead,https://www.geo.tv/latest/558175-fact-check-retired-army-officer-not-appointed-hec-chairperson-heads-national-technology-council-instead
Fact-check: Letter about military plans to acquire land in Haripur is real,https://www.geo.tv/latest/557972-fact-check-letter-about-military-plans-to-acquire-land-in-haripur-is-real
Fact-check: Rana Sanaullah did not lead Pakistan's contingent at Paris Olympics 2024,https://www.geo.tv/latest/557839-fact-check-rana-sana-ullah-did-not-lead-pakistans-contingent-at-paris-olympics-2024
"Fact-check: True, parliamentarians do not get free electricity",https://www.geo.tv/latest/557576-fact-check-true-parliamentarians-do-not-get-free-electricity
"Fact-check: PML-N lawmaker's firewall claim debunked. US, UK are not using national firewalls",https://www.geo.tv/latest/557272-fact-check-pml-n-lawmakers-firewall-claim-debunked-us-uk-are-not-using-national-firewalls
Fact-check: Experts debunk claims that Google Maps has renamed Adiala jail after Imran Khan,https://www.geo.tv/latest/557138-fact-check-experts-debunk-claims-that-google-maps-has-renamed-adiala-jail-after-imran-khan
Fact-check: Experts confirm VPNs do not put your banking data at risk,https://www.geo.tv/latest/556952-fact-check-experts-confirm-vpns-does-not-put-your-banking-data-at-risk
"Fact-check: Minister's claim of global WhatsApp disruption false, Meta confirms",https://www.geo.tv/latest/556546-fact-check-ministers-claim-of-global-whatsapp-disruption-false-meta-confirms
"Fact-check: Rs1,000 fixed electricity tax on domestic consumers?",https://www.geo.tv/latest/556487-fact-check-rs1000-fixed-electricity-tax-on-domestic-consumers
"Fact-check: Viral video claiming to show Punjab's information minister proven false, a case of digital manipulation",https://www.geo.tv/latest/556131-fact-check-viral-video-claiming-to-show-punjabs-information-minister-proven-false-a-case-of-digital-manipulation
Fact-check: Pride flag displayed at PIA's Amsterdam office?,https://www.geo.tv/latest/556050-fact-check-pride-flag-displayed-at-pias-amsterdam-office
"Fact-check: Wheelchair, stroller rental fees in Murree not profiting Punjab govt ",https://www.geo.tv/latest/555903-fact-check-wheelchair-stroller-rental-fees-in-murree-not-profiting-punjab-govt
Fact-check: Photo of Fazlur Rehman on plane with bottle is doctored,https://www.geo.tv/latest/555748-fact-check-photo-of-fazl-ur-rehman-on-plane-with-bottle-is-doctored
Fact-check: False claim circulates about Punjab government imposing taxes on graves,https://www.geo.tv/latest/555582-fact-check-false-claim-circulates-about-punjab-government-imposing-taxes-on-graves
Fact-check: Gallup Pakistan survey does not show 94% of Pakistanis want to leave country,https://www.geo.tv/latest/555435-fact-check-gallup-pakistan-survey-does-not-show-94-of-pakistanis-want-to-leave-country
Fact-check: Has the South Punjab secretariat been shut down?,https://www.geo.tv/latest/555059-fact-check-has-the-south-punjab-secretariat-been-shut-down
"Fact-check: No, Hamid Mir did not claim Pakistan exported $6,000bn worth of copper to China",https://www.geo.tv/latest/554959-fact-check-no-hamid-mir-did-not-claim-pakistan-exported-6000bn-worth-of-copper-to-china
Fact-check: Did Shahid Afridi discourage donations to Shaukat Khanum?,https://www.geo.tv/latest/554858-fact-check-did-shahid-afridi-discourage-donations-to-shaukat-khanum
Fact-check: Law minister's comparison of ISI phone tapping powers to UK legislation is misleading,https://www.geo.tv/latest/553776-fact-check-law-ministers-comparison-of-isi-phone-tapping-powers-to-uk-legislation-is-misleading
Fact-check: PM Shehbaz Sharif's claim about Khyber Pakhtunkhwa's Counter Terrorism Department debunked,https://www.geo.tv/latest/553581-fact-check-pm-shehbaz-sharifs-claim-about-khyber-pakhtunkhwas-counter-terrorism-department-debunked
Fact-check: Confirmed. Form-45s missing from ECP website as reported by Pattan,https://www.geo.tv/latest/553202-fact-check-confirmed-form-45s-missing-from-ecp-website-as-reported-by-pattan
Fact-check: Viral photo of Justice Ayesha Malik misrepresented as meeting PTI members ,https://www.geo.tv/latest/552700-fact-check-viral-photo-of-justice-ayesha-malik-misrepresented-as-meeting-pti-members
"Fact-check: Yes, Punjab Ombudsperson spent millions on high-end phones",https://www.geo.tv/latest/552634-fact-check-yes-punjab-ombudsperson-spent-millions-on-high-end-phones
Fact-check: False claim regarding Iddat case judge circulates on social media,https://www.geo.tv/latest/552345-fact-check-false-claim-regarding-iddat-case-judge-circulates-on-social-media
Fact-check: Woman in viral video not related to Justice Athar Minallah,https://www.geo.tv/latest/551560-fact-check-woman-in-viral-video-not-related-to-justice-athar-minallah
Fact-check: Video misattributed roads to Nawaz Sharif's government,https://www.geo.tv/latest/551384-fact-check-video-misattributed-roads-to-nawaz-sharifs-government
Fact-check: False statement attributed to Khyber Pakhtunkhwa chief minister about expelling Punjab residents,https://www.geo.tv/latest/551199-fact-check-false-statement-attributed-to-khyber-pakhtunkhwa-chief-minister-about-expelling-punjab-residents
Fact-check: Islamabad High Court did not order live broadcast of Imran Khan's speeches,https://www.geo.tv/latest/551025-fact-check-islamabad-high-court-did-not-order-live-broadcast-of-imran-khans-speeches
Fact-check: True. Janitor did pretend to be doctor at Punjab hospital,https://www.geo.tv/latest/550952-fact-check-true-janitor-did-pretend-to-be-doctor-at-punjab-hospital
Fact-check: Federal ministry of climate change deletes controversial post on Margalla Hills fire,https://www.geo.tv/latest/550344-fact-check-federal-ministry-of-climate-change-deletes-controversial-post-on-margalla-hills-fire
Fact-check: Posts falsely claim Balochistan ranked most corrupt,https://www.geo.tv/latest/550294-fact-check-posts-falsely-claim-balochistan-ranked-most-corrupt
Fact-check: Viral video falsely claims Pakistani cricket fan attempted self-immolation after T20 World Cup loss,https://www.geo.tv/latest/550103-fact-check-viral-video-falsely-claims-pakistani-cricket-fan-attempted-self-immolation-after-t20-world-cup-loss
Fact-check: Punjab government confirms ban on O-Level history book,https://www.geo.tv/latest/549623-fact-check-punjab-government-confirms-ban-on-o-level-history-book
Fact-check: False claims circulate regarding UK Visa requirements for Pakistanis,https://www.geo.tv/latest/549172-fact-check-false-claims-circulate-regarding-uk-visa-requirements-for-pakistanis
Fact-check: Justice Athar Minallah did not visit Imran Khan in prison,https://www.geo.tv/latest/549196-fact-check-justice-athar-minallah-did-not-visit-imran-khan-in-prison
Fact-check: PTA denies claims of waiving tax on imported mobile phones,https://www.geo.tv/latest/548245-fact-check-pta-denies-claims-of-waiving-tax-on-imported-mobile-phones
Fact-check: Video does not show police assault on daughter of military detainee,https://www.geo.tv/latest/547767-fact-check-video-does-not-show-police-assault-on-daughter-of-military-detainee
Fact-check: No truth to recent claims of Rs44 per litre petrol price cut,https://www.geo.tv/latest/547387-fact-check-no-truth-to-recent-claims-of-rs44-petrol-price-cut
Fact-check: Claim of naming Institute of Cardiology after Maryam Nawaz debunked as false,https://www.geo.tv/latest/547076-fact-check-claim-of-naming-institute-of-cardiology-after-maryam-nawaz-debunked-as-false
Fact-check: Man dancing in the video is not the judge in the Iddat case,https://www.geo.tv/latest/546824-fact-check-man-dancing-in-the-video-is-not-the-judge-in-the-iddat-case
Fact-Check: Govt college in KP restricts female students' participation in extracurricular activities,https://www.geo.tv/latest/546183-fact-check-government-college-in-khyber-pakhtunkhwa-restricts-female-students-participation-in-extracurricular-activities
Fact-check: Narendra Modi's remarks on Muslims fact-checked and debunked,https://www.geo.tv/latest/545846-fact-check-narendra-modis-remarks-on-muslims-fact-checked-and-debunked
Fact-check: Video does not depict German Broadcaster exposing financial scam in Pakistan,https://www.geo.tv/latest/545520-fact-check-video-does-not-depict-german-broadcaster-exposing-financial-scam-in-pakistan
"Fact-check: True, Lahore Gymkhana pays just Rs417 monthly rent for state land",https://www.geo.tv/latest/545339-fact-check-true-lahore-gymkhana-pays-just-rs417-monthly-rent-for-state-land
Fact-check: No law passed on mandatory second marriage in Pakistan,https://www.geo.tv/latest/544501-fact-check-no-law-passed-on-mandatory-second-marriage-in-pakistan
Fact-check: Does picture show KP CM handing over a car to his adviser?,https://www.geo.tv/latest/544038-fact-check-does-picture-show-kp-cm-handing-over-a-car-to-his-adviser
Fact-check: Mohsin Naqvi's claim of 30% crime reduction in Punjab found to be false,https://www.geo.tv/latest/543860-fact-check-fact-check-mohsin-naqvis-claim-of-30-crime-reduction-in-punjab-found-to-be-false
Fact-check: Video misidentifies lookalike as former prime minister Imran Khan,https://www.geo.tv/latest/543454-fact-check-video-misidentifies-lookalike-as-former-prime-minister-imran-khan
Fact-check: False quote about Pakistan cricket team attributed to sportsman Mark Chapman,https://www.geo.tv/latest/543037-fact-check-false-quote-about-pakistan-cricket-team-attributed-to-sportsman-mark-chapman
Fact-check: Dangerous claims about heart attacks circulate online in Pakistan,https://www.geo.tv/latest/542675-fact-check-dangerous-claims-about-heart-attacks-circulate-online-in-pakistan
Fact-check: Claims of Pakistan calling Iran strikes 'legal' are baseless,https://www.geo.tv/latest/542337-fact-check-claims-of-pakistan-calling-iran-strikes-legal-are-baseless
"Fact-check: No, Saad Rafique did not call Imran Khan's removal a 'conspiracy'",https://www.geo.tv/latest/542081-fact-check-no-saad-rafique-did-not-call-imran-khans-removal-a-conspiracy
Fact-check: Did Iran's president visit Imran Khan in jail?,https://www.geo.tv/latest/541634-fact-check-did-irans-president-visit-imran-khan-in-jail
Fact-check: Posts about Pakistan from Elon Musk parody account taken seriously online,https://www.geo.tv/latest/540989-fact-check-posts-about-pakistan-from-elon-musk-parody-account-taken-seriously-online
Fact-check: Bogus claims circulate online of Gaza children up for adoption in Pakistan,https://www.geo.tv/latest/540615-fact-check-bogus-claims-circulate-online-of-gaza-children-up-for-adoption-in-pakistan
"Fact-check: Video shows PM Sharif criticising Imran Khan, not his own party",https://www.geo.tv/latest/540120-fact-check-video-shows-pm-sharif-criticising-imran-khan-not-his-own-party
Fact-check: Posts mislead about renaming of a hospital in Sialkot,https://www.geo.tv/latest/539773-fact-check-posts-mislead-about-renaming-of-a-hospital-in-sialkot
Fact-check: Officials dismiss claims of Rs12 billion luxury cars purchase for ministers,https://www.geo.tv/latest/539381-fact-check-officials-dismiss-claims-of-rs12-billion-luxury-cars-purchase-for-ministers
Fact-check: Images show false quotes attributed to SC judges during letter hearing ,https://www.geo.tv/latest/538576-images-show-false-quotes-attributed-to-sc-judges-during-letter-hearing
Fact-check: Lahore has only five public libraries,https://www.geo.tv/latest/538435-fact-check-lahore-has-only-five-public-libraries
"Fact-check: No, video does not show pro-Imran slogans being raised in Aitchison",https://www.geo.tv/latest/538033-fact-check-no-video-does-not-show-pro-imran-slogans-being-raised-in-aitchison
Fact-check: Geo News did not misquote Aleema Khan,https://www.geo.tv/latest/537718-fact-check-geo-news-did-not-misquote-aleema-khan
Fact-check: Video of cop slapping women was not recorded during Ramadan package distribution in Punjab,https://www.geo.tv/latest/537564-fact-check-video-of-cop-slapping-women-was-not-recorded-during-ramzan-package-distribution-in-punjab
Fact-check: Influencer was not given protocol by Punjab police,https://www.geo.tv/latest/537146-fact-check-influencer-was-not-given-protocol-by-punjab-police
Fact-check: Posts falsely claim Pakistan has banned Spotify,https://www.geo.tv/latest/536890-fact-check-posts-falsely-claim-pakistan-has-banned-spotify
"Fact-check: No, Asad Qaiser did not refuse to support NA resolution condemning Israel ",https://www.geo.tv/latest/536687-fact-check-no-asad-qaiser-did-not-refuse-to-support-na-resolution-condemning-israel
Fact-check: Pakistan to expel refugees holding Afghan Citizen Cards,https://www.geo.tv/latest/535949-fact-check-pakistan-to-expel-refugees-holding-afghan-citizen-cards
Fact-check: CM Khyber Pakhtunkhwa bans Pashto cinema?,https://www.geo.tv/latest/535810-fact-check-cm-khyber-pakhtunkhwa-bans-pashto-cinema
Fact-check: PTA can't pass the buck. It alone has legal authority to block X (Twitter),https://www.geo.tv/latest/535694-fact-check-pta-cant-pass-the-buck-it-alone-has-legal-authority-to-block-x-twitter
Fact-check: Posts falsely claim teacher seen arguing with Punjab CM has been fired,https://www.geo.tv/latest/535641-fact-check-posts-falsely-claim-teacher-seen-arguing-with-cm-punjab-has-been-fired
Fact-check: PILDAT's election report misrepresented online,https://www.geo.tv/latest/535494-fact-check-pildats-election-report-misrepresented-online
Fact-check: Information minister's claim about X (Twitter) being accessible is false,https://www.geo.tv/latest/535018-fact-check-information-ministers-claim-about-x-twitter-being-accessible-is-false
Fact-check: Did Azma Bokhari say this about Maryam Nawaz Sharif?,https://www.geo.tv/latest/534862-fact-check-did-azma-bokhari-say-this-about-maryam-nawaz-sharif
Fact-check: How much will the new MNAs get paid?,https://www.geo.tv/latest/534631-fact-check-how-much-will-the-new-mnas-get-paid
"Fact-check: Contrary to online claims, Pakistan not slapped with $18bn penalty due to Iran-Pakistan gas pipeline",https://www.geo.tv/latest/534213-fact-check-contrary-to-online-claims-pakistan-not-slapped-with-18bn-penalty-due-to-iran-pakistan-gas-pipeline
Fact-check: Have Shaukat Khanum Hospital's bank accounts been frozen?,https://www.geo.tv/latest/533831-fact-check-have-shaukat-khanum-hospitals-bank-accounts-been-frozen
Fact-check: Quote about searching army vehicles falsely attributed to Gandapur,https://www.geo.tv/latest/533718-fact-check-quote-about-searching-army-vehicles-falsely-attributed-to-gandapur
Fact-check: No. Speaker Malik Ahmad Khan was not named in the Kasur child scandal,https://www.geo.tv/latest/533670-fact-check-no-speaker-malik-ahmad-khan-was-not-named-in-the-kasur-child-scandal
Fact-check: Old video falsely shared to claim police attacked women protesting election ‘fraud' in Sindh,https://www.geo.tv/latest/533306-fact-check-old-video-falsely-shared-to-claim-police-attacked-women-protesting-election-fraud-in-sindh
Fact-check: Claim of a resolution in Australian senate calling for a ban on Pakistani army officers is false,https://www.geo.tv/latest/533036-fact-check-claim-of-a-resolution-in-australian-senate-calling-for-a-ban-on-pakistani-army-officers-is-false
Fact-check: Has the Supreme Court of Pakistan restored rejected votes?,https://www.geo.tv/latest/532924-fact-check-has-the-supreme-court-of-pakistan-restored-rejected-votes
Fact-check: Police complaint filed against PTI leaders on orders of AC Rawalpindi?,https://www.geo.tv/latest/532749-fact-check-police-complaint-filed-against-pti-leaders-on-orders-of-assistant-commissioner-rawalpindi
"Fact-check: Fake EU statement, threatening sanctions on army, Nawaz Sharif, circulates online",https://www.geo.tv/latest/531570-fact-check-fake-eu-statement-threatening-sanctions-on-army-nawaz-sharif-circulates-online
Fact-check: Did the RO Pakpattan quit under pressure?,https://www.geo.tv/latest/531240-fact-check-did-the-ro-pakpattan-quit-under-pressure
"Fact-check: No, Shahzeb Khanzada was not in PML-N's Youth Programme",https://www.geo.tv/latest/531139-fact-check-no-shahzeb-khanzada-was-not-in-pml-ns-youth-programme
"Fact-check: Yes, PTI's websites blocked in Pakistan ahead of polls",https://www.geo.tv/latest/529256-fact-check-yes-ptis-websites-blocked-in-pakistan-ahead-of-polls
"Fact-check: No, PTI's website is not being operated from India",https://www.geo.tv/latest/529000-fact-check-no-ptis-website-is-not-being-operated-from-india
What do we know about the mysterious 'Human Rights Council of Pakistan'?,https://www.geo.tv/latest/528089-what-do-we-know-about-the-mysterious-human-rights-council-of-pakistan
Fact-check: Does pressing 'cancel' twice on an ATM protect from cyberattacks?,https://www.geo.tv/latest/527332-fact-check-does-pressing-cancel-twice-on-an-atm-protect-from-cyberattacks
"Fact-check: Rallies by JUI-F, PPP, PKMAP caused damages of Rs184m at Balochistan's largest sports stadium",https://www.geo.tv/latest/526867-fact-check-rallies-by-jui-f-ppp-pkmap-caused-damages-of-rs184m-at-balochistans-largest-sports-stadium
No evidence to back Zardari's claim of Afghan citizens being registered as voters in KP,https://www.geo.tv/latest/526596-no-evidence-to-back-zardaris-claim-of-afghan-citizens-being-registered-as-voters-in-kp
Fact-check: 'Pakistan has the lowest count': Sarfaraz Bugti makes-up claim about enforced disappearances,https://www.geo.tv/latest/526338-fact-check-pakistan-has-the-lowest-count-sarfaraz-bugti-makes-up-claim-about-enforced-disappearances
Fact-check: Has Nadra changed the process for getting a B-Form made?,https://www.geo.tv/latest/525812-fact-check-has-nadra-changed-the-process-for-getting-a-b-form-made
Fact-check: CDA chairman announces support for Nawaz Sharif?,https://www.geo.tv/latest/525452-fact-check-cda-chairman-announces-support-for-nawaz-sharif
"Fact-check: Violating rules, ECP appoints retired DC as RO?",https://www.geo.tv/latest/525395-fact-check-violating-rules-ecp-appoints-retired-dc-as-ro
Fact-check: Is the newly-launched Balochistan health card still not operational?,https://www.geo.tv/latest/524548-fact-check-is-the-newly-launched-balochistan-health-card-still-not-operational
Fact-check: Did Pakistan experience an internet slowdown on December 17?,https://www.geo.tv/latest/523829-fact-check-did-pakistan-experience-an-internet-slowdown-on-december-17
Fact-check: Electric geysers are dangerous when showering?,https://www.geo.tv/latest/523628-fact-check-electric-geysers-are-dangerous-when-showering
Fact-check: Has the health card been suspended in Punjab?,https://www.geo.tv/latest/523085-fact-check-has-the-health-card-been-suspended-in-punjab
Fact-check: Households to get gas only three times a day?,https://www.geo.tv/latest/522818-fact-check-households-to-get-gas-only-three-times-a-day
Fact-check: Pakistan to demolish Hindu temple to build a café?,https://www.geo.tv/latest/522693-fact-check-pakistan-to-demolish-hindu-temple-to-build-a-caf
"Fact-check: Military to survey, then take over public schools in KP?",https://www.geo.tv/latest/522172-fact-check-military-to-survey-then-take-over-public-schools-in-kp
Fact-check: Residents of KP will require NOC to enter Punjab?,https://www.geo.tv/latest/521711-fact-check-residents-of-kp-will-require-noc-to-enter-punjab
Fact-check: Has Namal University’s hostel in Islamabad been sealed?,https://www.geo.tv/latest/521055-fact-check-has-namal-universitys-hostel-in-islamabad-been-sealed
Fact-check: True. Two govt colleges in Lakki Marwat complain of military taking over building,https://www.geo.tv/latest/520889-fact-check-true-two-govt-colleges-in-lakki-marwat-complain-of-military-taking-over-building
Fact-check: Was a red carpet rolled out for the CM Punjab in a graveyard?,https://www.geo.tv/latest/520754-fact-check-was-a-red-carpet-rolled-out-for-the-cm-punjab-in-a-graveyard
Fact-check: Has Punjab govt provided a signal-jamming vehicle to Maryam Nawaz?,https://www.geo.tv/latest/520123-fact-check-has-punjab-govt-provided-a-signal-jamming-vehicle-to-maryam-nawaz
Fact-check: Has Pakistan stopped banks from collecting donations for Gaza?,https://www.geo.tv/latest/519953-fact-check-has-pakistan-stopped-banks-from-collecting-donations-for-gaza
Fact-check: True. Sindh govt ready to hand over state land to Pakistan Army for corporate farming,https://www.geo.tv/latest/519059-fact-check-true-sindh-govt-ready-to-hand-over-state-land-to-pakistan-army-for-corporate-farming
Fact-check: Video does not show Nadra secretly registering undocumented immigrants,https://www.geo.tv/latest/518879-fact-check-video-does-not-show-nadra-secretly-registering-undocumented-immigrants
Fact-check: Interim PM makes another false claim about enforced disappearances,https://www.geo.tv/latest/518762-fact-check-interim-pm-makes-another-false-claim-about-enforced-disappearances
Fact-check: Are fertilisers being sold at an inflated price to farmers?,https://www.geo.tv/latest/518317-fact-check-are-fertilizers-being-sold-at-an-inflated-price-to-farmers
Fact-check: Fuel scarcity suspends Dolphin Police operations in Lahore?,https://www.geo.tv/latest/518048-fact-check-fuel-scarcity-suspends-dolphin-police-operations-in-lahore
"Fact-check: PML-N did use government-run buses on October 21, but not for free",https://www.geo.tv/latest/517043-fact-check-pml-n-did-use-government-run-buses-on-october-21-but-not-for-free
Fact-check: Is the ECP only removing officials in Sindh and not Punjab?,https://www.geo.tv/latest/516717-fact-check-is-the-ecp-only-removing-officials-in-sindh-and-not-punjab
"Fact-Check: True, power supply to entire village in Punjab suspended over default",https://www.geo.tv/latest/516012-fact-check-true-power-supply-to-entire-village-in-punjab-suspended-over-default
Fact-check: Photos peddle false claims about dog meat being seized in KP,https://www.geo.tv/latest/515339-fact-check-photos-peddle-false-claims-about-dog-meat-being-seized-in-kp
Fact-Check: Have agricultural taxes been hiked in Punjab?,https://www.geo.tv/latest/514980-fact-check-have-agricultural-taxes-been-hiked-in-punjab
Fact-check: Sehat Card suspended in Khyber Pakhtunkhwa since April,https://www.geo.tv/latest/514702-fact-check-sehat-card-suspended-in-khyber-pakhtunkhwa-since-april
"Fact-Check: Penalty of Rs5,000 for washing car at home in Lahore",https://www.geo.tv/latest/514160-fact-check-penalty-of-rs5000-for-washing-car-at-home-in-lahore
"Fact-Check: Unproven, false claims about cancer treatment reappear on social media",https://www.geo.tv/latest/513687-fact-check-unproven-false-claims-about-cancer-treatment-reappear-on-social-media
Fact-check: Interim PM makes false claim about enforced disappearances in Balochistan,https://www.geo.tv/latest/512970-fact-check-interim-pm-makes-false-claim-about-enforced-disappearances-in-balochistan
Fact-check: True. Traffic fines on motorways hiked by over 200% from October,https://www.geo.tv/latest/512937-fact-check-true-traffic-fines-on-motorways-hiked-by-over-200-from-october
Fact-check: Was 400 tonnes of sugar recovered from Ali Gandapur’s warehouse?,https://www.geo.tv/latest/512621-fact-check-was-400-tons-of-sugar-recovered-from-ali-gandapurs-warehouse
Fact-Check: Online posts falsely claim villages in Chitral are under TTP control,https://www.geo.tv/latest/512071-fact-check-online-posts-falsely-claim-villages-in-chitral-are-under-ttp-control
Fact-Check: Will Pakistan shut down all foreign exchange companies?,https://www.geo.tv/latest/511709-fact-check-will-pakistan-shut-down-all-foreign-exchange-companies
"Fact-check: True. Cops in Punjab suspended for stealing hundreds of motorbikes, rickshaws, cars",https://www.geo.tv/latest/511537-fact-check-true-cops-in-punjab-suspended-for-stealing-hundreds-of-motorbikes-rickshaws-cars
Fact-check: Did ECP halt funds for flood-hit areas in Sindh?,https://www.geo.tv/latest/510841-fact-check-did-ecp-halt-funds-for-flood-hit-areas-in-sindh
"Punjab government, ECP keep mum on illegal measures in province",https://www.geo.tv/latest/510470-punjab-government-ecp-keep-mum-on-illegal-measures-in-province
Fact-check: Which cases were shut down after NAB amendments?,https://www.geo.tv/latest/510212-fact-check-which-cases-were-shut-down-after-nab-amendments
"Fact-check: Two ordinances, 76 laws passed during PDM’s tenure",https://www.geo.tv/latest/509698-fact-check-two-ordinances-76-laws-passed-during-pdms-tenure
Fact-check: How many taxes are being added to your electricity bill in Punjab?,https://www.geo.tv/latest/508771-fact-check-how-many-taxes-are-being-added-to-your-electricity-bill-in-punjab
Fact-check: Has a cipher about Imran Khan been leaked?,https://www.geo.tv/latest/508292-fact-check-has-a-cipher-about-imran-khan-been-leaked
Fact-check: True. Gunmen of a private housing society thrash cops in Sialkot,https://www.geo.tv/latest/507720-fact-check-true-gunmen-of-a-private-housing-society-thrash-cops-in-sialkot
Fact-check: Incorrect tyre pressure leads to accidents on Pakistan’s motorways?,https://www.geo.tv/latest/507211-fact-check-incorrect-tyre-pressure-leads-to-accidents-on-pakistans-motorways
Fact-check: Fake notification shared online about cut in pension of government employees ,https://www.geo.tv/latest/506888-fact-check-fake-notification-shared-online-about-cut-in-pension-of-government-employees
Fact-check: Sindh agriculture department doesn’t collect income tax?,https://www.geo.tv/latest/506587-fact-check-sindh-agriculture-department-doesnt-collect-income-tax
"Fact-check: No, Nawaz Sharif was not disqualified due to Panama Papers",https://www.geo.tv/latest/506338-fact-check-no-nawaz-sharif-was-not-disqualified-due-to-panama-papers
Fact-check: True. Carcasses of animals left to rot at Rahim Yar Khan’s wildlife park,https://www.geo.tv/latest/505488-fact-check-true-carcasses-of-animals-left-to-rot-at-rahim-yar-khans-wildlife-park
Fact-check: UN Secretary-General calls Imran Khan’s arrest 'illegal'?,https://www.geo.tv/latest/505119-fact-check-un-secretary-general-calls-imran-khans-arrest-illegal
"Fact-check: Work on Shaukat Khanum Hospital in Karachi ongoing, not halted by PDM",https://www.geo.tv/latest/504266-fact-check-work-on-shaukat-khanum-hospital-in-karachi-ongoing-not-halted-by-pdm
"Fact-check: True. Farmers will now be fined Rs500,000 for stubble burning in Punjab",https://www.geo.tv/latest/503701-fact-check-true-farmers-will-now-be-fined-rs500000-for-stubble-burning-in-punjab
Fact-check: Punjab’s caretaker govt to buy over 200 new vehicles for officials,https://www.geo.tv/latest/503232-fact-check-punjabs-caretaker-govt-to-buy-over-200-new-vehicles-for-officials
Fact-check: Has the Election Commission delisted PTI?,https://www.geo.tv/latest/502666-fact-check-has-the-election-commission-delisted-pti
"Fact-check: Have 35,000 children dropped out of schools due to inflation in Quetta?",https://www.geo.tv/latest/502428-fact-check-have-35000-children-dropped-out-of-schools-due-to-inflation-in-quetta
Fact-check: Army (Amendment) Bill 2023 will only apply to serving and retired military officers,https://www.geo.tv/latest/501762-fact-check-army-amendment-bill-2023-will-only-apply-to-serving-and-retired-military-officers
Fact-check: Eating large amounts of apricot seeds can cause cyanide poisoning,https://www.geo.tv/latest/501691-fact-check-eating-large-amounts-of-apricot-seeds-can-cause-cyanide-poisoning
Fact-check: Punjab censor board cleared Barbie. Then Punjab govt halted screening,https://www.geo.tv/latest/501253-fact-check-punjab-censor-board-cleared-barbie-then-punjab-government-halted-screening
Fact-check: Were PTI supporters arrested during Hajj in Saudi Arabia?,https://www.geo.tv/latest/501192-fact-check-were-pti-supporters-arrested-during-hajj-in-saudi-arabia
"Fact-check: Mohmand Dam to be completed by 2026-27, not next year",https://www.geo.tv/latest/501011-fact-check-mohmand-dam-to-be-completed-by-2026-27-not-next-year
Fact-check: Is the pay of an MNA lower than a federal secretary’s?,https://www.geo.tv/latest/499854-fact-check-is-the-pay-of-an-mna-lower-than-a-federal-secretarys
"Fact-check: No, consuming mangoes with soft drinks is not deadly",https://www.geo.tv/latest/499013-fact-check-no-consuming-mangoes-with-soft-drinks-is-not-deadly
Fact-check: Australia has not placed a travel ban on Pakistani military officials,https://www.geo.tv/latest/498410-fact-check-australia-has-not-placed-a-travel-ban-on-pakistani-military-officials
Fact-check: Did Pakistani parliamentarians travel for Hajj using public funds?,https://www.geo.tv/latest/497058-fact-check-did-pakistani-parliamentarians-travel-for-hajj-using-public-funds
Fact-check: Is Dr Uzma Khan’s land in Layyah worth Rs6 billion?,https://www.geo.tv/latest/496958-fact-check-is-dr-uzma-khans-land-in-layyah-worth-rs6-billion
Fact-check: Is Pakistan selling its port in Karachi to a UAE company?,https://www.geo.tv/latest/495949-fact-check-is-pakistan-selling-its-port-in-karachi-to-a-uae-company
Fact-check: Is Nawaz Sharif’s BA degree fake?,https://www.geo.tv/latest/495152-fact-check-is-nawaz-sharifs-ba-degree-fake
"Fact-check: Will the new Senate salary bill, if made law, add to govt expenses?",https://www.geo.tv/latest/494513-fact-check-will-new-senate-salary-bill-if-made-law-add-to-got-expenses
Fact-check: Has ECP banned international observers from monitoring polls?,https://www.geo.tv/latest/494282-fact-check-has-ecp-banned-international-observers-from-monitoring-polls
Fact-check: Geo has not deleted any YouTube videos about Jahangir Tareen,https://www.geo.tv/latest/493864-geo-has-not-deleted-any-youtube-videos-about-jahangir-tareen
Fact-check: Is Pakistan’s forest cover the lowest in the world?,https://www.geo.tv/latest/492864-fact-check-is-pakistans-forest-cover-the-lowest-in-the-world
"Fact-check: Low enrollment, not funds, led to school shut down at Pakistan high commission in India",https://www.geo.tv/latest/492308-fact-check-low-enrollment-not-funds-led-to-school-shut-down-at-pakistan-high-commission-in-india
Fact-check: How many people have been arrested post May 9 riots?,https://www.geo.tv/latest/491585-fact-check-how-many-people-have-been-arrested-post-may-9-riots
Fact-check: Are Pakistani authorities monitoring WhatsApp chats under the Army Secret Act?,https://www.geo.tv/latest/491671-fact-check-are-pakistani-authorities-monitoring-whatsapp-chats-under-the-army-secret-act
'A joke': No evidence survey showing PML-N's popularity at 70% was even conducted,https://www.geo.tv/latest/490783-a-joke-no-evidence-survey-showing-pml-ns-popularity-at-70-was-even-conducted
Fact-check: Man accused of stealing peacock has been sentenced to 10 years?,https://www.geo.tv/latest/490716-fact-check-man-accused-of-stealing-peacock-has-been-sentenced-to-10-years
Fact-check: How much is the Al-Qadir University land worth today?,https://www.geo.tv/latest/489990-fact-check-how-much-is-the-al-qadir-university-land-worth-today
Fact-check: Is selling wheat illegal in Punjab?,https://www.geo.tv/latest/489428-fact-check-is-selling-wheat-illegal-in-punjab
Fact-check: Is the contempt of parliament bill proposing jail for criticism of the parliament?,https://www.geo.tv/latest/488849-fact-check-is-the-contempt-of-parliament-bill-proposing-jail-for-criticism-of-the-parliament
"Fact-check: No, M.M. Alam’s jet was not burnt by protesters on May 9",https://www.geo.tv/latest/488375-fact-check-no-mm-alams-jet-was-not-burnt-by-protesters-on-may-9
"Fact-check: Contrary to claims, entering ATM PIN backward won’t alert police",https://www.geo.tv/latest/487751-fact-check-contrary-to-claims-entering-atm-pin-backward-wont-alert-police
Fact-check: Has Pakistan lifted the ban on import of luxury cars?,https://www.geo.tv/latest/487570-fact-check-has-pakistan-lifted-the-ban-on-import-of-luxury-cars
Fact-check: Punjab police did not issue warning about missing children hoax,https://www.geo.tv/latest/486749-fact-check-punjab-police-did-not-issue-a-warning-about-missing-children-hoax
Fact-check: Rs1m spent on ads for Diamer-Bhasha and Mohmand Dam Fund,https://www.geo.tv/latest/486352-fact-check-rs1m-spent-on-ads-for-diamer-bhasha-and-mohmand-dam-fund
"Fact-check: Is sugar, hidden in cement bags, being smuggled into Afghanistan?",https://www.geo.tv/latest/486210-fact-check-is-sugar-hidden-in-cement-bags-being-smuggled-into-afghanistan
Fact-check: Is the gas meter rent up from Rs40 to Rs500?,https://www.geo.tv/latest/485865-fact-check-is-the-gas-meter-rent-up-from-rs40-to-rs500
Fact-check: Posts falsely claim Pakistan army voted the most corrupt,https://www.geo.tv/latest/485454-fact-check-posts-falsely-claim-pakistan-army-voted-the-most-corrupt
Fact-check: Pakistan defence minister’s claim that Brazil allows citizens to kill robbers is false,https://www.geo.tv/latest/485099-fact-check-pakistan-defence-ministers-claim-that-brazil-allows-citizens-to-kill-robbers-is-false
Fact-check: Did PTI dissidents vote in the motion of confidence for PM Shehbaz Sharif?,https://www.geo.tv/latest/484296-fact-check-did-pti-dissidents-vote-in-the-motion-of-confidence-for-pm-shehbaz-sharif
Fact-check: How many BMW cars does Maryam Nawaz Sharif own?,https://www.geo.tv/latest/484077-fact-check-how-many-bmw-cars-does-maryam-nawaz-sharif-own
 Fact-check: How many bodies were found on the roof of Multan's Nishtar Hospital last year?,https://www.geo.tv/latest/482928-fact-check-how-many-bodies-were-found-on-the-roof-of-multans-nishtar-hospital-last-year
Fact-check: Does the Ruet-e-Hilal Committee cost the exchequer Rs7 billion?,https://www.geo.tv/latest/482731-fact-check-does-the-ruet-e-hilal-committee-cost-the-exchequer-rs7-billion
Fact-check: Has PTI won 30 out of 37 by-polls since last April?,https://www.geo.tv/latest/482020-fact-check-has-pti-won-30-out-of-37-by-polls-since-last-april
Fact-check: Posts falsely claim Nawaz Sharif threatened to 'destroy the country',https://www.geo.tv/latest/481661-fact-check-posts-falsely-claim-nawaz-sharif-threatened-to-destroy-the-country
Fact-check: Was Asif Ali Zardari featured in a Netherlands school book?,https://www.geo.tv/latest/481319-fact-check-was-asif-ali-zardari-featured-in-a-netherlands-school-book
Fact-check: Posts falsely claim Justice Mandokhail is related to PML-N politician,https://www.geo.tv/latest/480961-fact-check-posts-falsely-claim-justice-mandokhail-is-related-to-pml-n-politician
Fact-check: Is the video of the petrol bomb old?,https://www.geo.tv/latest/480616-fact-check-is-the-video-of-the-petrol-bomb-old
"Fact-check: Yes, it’s mandatory for students in Gujranwala to learn about the Pakistan Army ",https://www.geo.tv/latest/480408-fact-check-yes-its-mandatory-for-students-in-gujranwala-to-learn-about-the-pakistan-army
"Fact-check: What are the salaries, benefits of the Supreme Court judges?",https://www.geo.tv/latest/480211-fact-check-what-are-the-salaries-benefits-of-the-supreme-court-judges
"Fact-check: Contrary to claims, no Afghan national has been arrested by police outside Imran Khan’s house",https://www.geo.tv/latest/479148-fact-check-contrary-to-claims-no-afghan-national-has-been-arrested-by-police-outside-imran-khans-house
Fact-check: Doctor who prepared Zille Shah’s postmortem has not been transferred,https://www.geo.tv/latest/478806-fact-check-doctor-who-prepared-zille-shahs-postmortem-has-not-been-transferred
"Fact-check: No, the herb fagonia cannot cure cancer",https://www.geo.tv/latest/478236-fact-check-no-the-herb-fagonia-cannot-cure-cancer
Fact-check: Did chairman WAPDA order his picture to be placed next to Pakistan's founder?,https://www.geo.tv/latest/477624-fact-check-did-chairman-wapda-order-his-picture-to-be-placed-next-to-pakistans-founder
Fact-check: It’s true. Apartments for low-income families to be sold to overseas Pakistanis,https://www.geo.tv/latest/477589-fact-check-its-true-apartments-for-low-income-families-to-be-sold-to-overseas-pakistanis
"Fact-check: Was a cop suspended for taking a selfie with PTI’s Zartaj Gul, Ali Zaidi?",https://www.geo.tv/latest/476866-fact-check-was-a-cop-suspended-for-taking-a-selfie-with-ptis-zartaj-gul-ali-zaidi
Fact-check: Did Nawaz Sharif’s platelet count drop in jail or NAB’s custody?,https://www.geo.tv/latest/476409-fact-check-did-nawaz-sharifs-platelet-count-drop-in-jail-or-nabs-custody
"Fact-check: Photo shows arrested criminals, not PTI workers",https://www.geo.tv/latest/476097-fact-check-photo-shows-arrested-criminals-not-pti-workers
Fact-check: Police ban transgenders in Quetta from public places post-midnight,https://www.geo.tv/latest/474962-fact-check-police-ban-transgenders-in-quetta-from-public-places-post-midnight
Fact-check: Has Pakistan detected its first case of bird flu?,https://www.geo.tv/latest/474573-fact-check-has-pakistan-detected-its-first-case-of-bird-flu
Fact-check: Beware of fake loan-app available on Google Play Store ,https://www.geo.tv/latest/474161-fact-check-beware-of-fake-loan-app-available-on-google-play-store
Fact-check: Judges of Supreme Court receive up to Rs1 million per month in pensions,https://www.geo.tv/latest/473598-fact-check-judges-of-supreme-court-receive-up-to-rs1-million-per-month-in-pensions
Fact-check: It’s true. Pakistan has cancelled the medical licensing exam for doctors,https://www.geo.tv/latest/473203-fact-check-its-true-pakistan-has-cancelled-the-medical-licensing-exam-for-doctors
Fact-check: John Abraham did not mention PM Shehbaz on Kapil Sharma’s show,https://www.geo.tv/latest/472622-fact-check-john-abraham-did-not-mention-pm-shehbaz-on-kapil-sharmas-show
"Fact-check: Rival’s claim incorrect, PTI did launch projects during term",https://www.geo.tv/latest/472225-fact-check-contrary-to-claims-by-rivals-pti-government-did-launch-public-projects-during-its-term
"Fact-check: Tax dodgers, absconders cannot tie the knot under Pakistan's new marriage registration system?",https://www.geo.tv/latest/472040-fact-check-tax-dodgers-absconders-cannot-tie-the-knot-under-pakistans-new-marriage-registration-system
Fact-check: Woman in the photo with Imran Khan is not Indian,https://www.geo.tv/latest/471894-fact-check-woman-in-the-photo-with-imran-khan-is-not-indian
Fact-check: Is Punjab lifting the ban on Basant?,https://www.geo.tv/latest/471235-fact-check-is-punjab-lifting-the-ban-on-basant
"Fact-check: Yes, Lahore traffic cops collected Rs1.5b in fines in 2022",https://www.geo.tv/latest/470794-fact-check-yes-lahore-traffic-cops-collected-rs15b-in-fines-in-2022
Fact-check: Imran Khan’s claim about journalists arrested during his term is false,https://www.geo.tv/latest/470270-fact-check-imran-khans-claim-about-journalists-arrested-during-his-term-is-false
Fact-check: Khyber Pakhtunkhwa has had a forensic laboratory since 2018,https://www.geo.tv/latest/469899-fact-check-khyber-pakhtunkhwa-has-had-a-forensic-laboratory-since-2018
"Fact-check: Has Pakistan increased the passport fee to Rs70,000?",https://www.geo.tv/latest/469522-fact-check-has-pakistan-increased-the-passport-fee-to-rs70000
Fact-check: Posts falsely claim Shaukat Khanum Hospital’s posters are being removed,https://www.geo.tv/latest/469388-fact-check-posts-falsely-claim-shaukat-khanum-hospitals-posters-are-being-removed
Fact-check: Beware of scams. PBS has not launched an online portal for the population census,https://www.geo.tv/latest/468996-fact-check-beware-of-scams-pbs-has-not-launched-an-online-portal-for-the-population-census
Fact-check: Old video of explosion in Lahore falsely linked to Peshawar attack,https://www.geo.tv/latest/468647-fact-check-old-video-of-explosion-in-lahore-falsely-linked-to-peshawar-attack
"Fact-check: Petrol, official cars were given to former CM Parvez Elahi’s political assistants",https://www.geo.tv/latest/468277-fact-check-petrol-official-cars-were-given-to-former-cm-parvez-elahis-political-assistants
Fact-check: Man dancing is not Bilawal Bhutto Zardari,https://www.geo.tv/latest/468093-fact-check-man-dancing-is-not-bilawal-bhutto-zardari
"Fact-check: No, Putin is not reading Imran Khan's autobiography",https://www.geo.tv/latest/467656-fact-check-no-putin-is-not-reading-imran-khans-autobiography
Fact-check: Govt hasn’t hiked gas prices by 75% yet. Neither will the amount be collected through back-dated bills.,https://www.geo.tv/latest/467482-fact-check-govt-hasnt-hiked-gas-prices-by-75-yet-neither-will-the-amount-be-collected-through-back-dated-bills
"Fact-check: No, local chestnuts are not a substitute for insulin injections",https://www.geo.tv/latest/467354-fact-check-no-local-chestnuts-are-not-a-substitute-for-insulin-injections
Fact-check: How much has the PM’s Flood Relief Fund received in donations?,https://www.geo.tv/latest/467101-fact-check-how-much-has-the-pms-flood-relief-fund-received-in-donations
"Fact-check: Contrary to claims, Imran Khan did make this statement about Gen Bajwa",https://www.geo.tv/latest/466958-fact-check-contrary-to-claims-imran-khan-did-make-this-statement-about-gen-retd-bajwa
Fact-check: Documents show Imran Khan did collect Rs4.8bn for flood victims,https://www.geo.tv/latest/466422-fact-check-documents-show-imran-khan-did-collect-rs48bn-for-flood-victims
Fact-check: Online posts falsely claim Maulana Tariq Jamil’s bank accounts sealed,https://www.geo.tv/latest/466010-fact-check-online-posts-falsely-claim-maulana-tariq-jamils-bank-accounts-sealed
Fact-check: Video shows wheat being smuggled from Pakistan to Afghanistan?,https://www.geo.tv/latest/465564-fact-check-video-shows-wheat-being-smuggled-from-pakistan-to-afghanistan
"Fact-check: More than 800,000 migrated out of Pakistan in 2022, highest in six years",https://www.geo.tv/latest/464962-fact-check-more-than-800000-migrated-out-of-pakistan-in-2022-highest-in-six-years
Fact-Check: Five misleading claims by Imran Khan about the JIT,https://www.geo.tv/latest/464419-fact-check-five-false-and-misleading-claims-imran-khan-made-about-the-jit-probing-the-gun-attack-on-him
Fact-check: Posts falsely claim railway bogies imported from China are faulty,https://www.geo.tv/latest/464340-fact-check-posts-falsely-claim-railway-bogies-imported-from-china-are-faulty
"Fact-check: No, prisoner did not become a lawyer while on death row",https://www.geo.tv/latest/463997-fact-check-no-prisoner-did-not-become-a-lawyer-while-on-death-row
Fact-check: Already debunked COVID-19 video goes viral on social media in Pakistan,https://www.geo.tv/latest/463074-fact-check-already-debunked-covid-19-video-goes-viral-on-social-media-in-pakistan
Fact-check: Has govt withdrawn the Toshakhana case against Imran Khan?,https://www.geo.tv/latest/462888-fact-check-has-govt-withdrawn-the-toshakhana-case-against-imran-khan
Fact-check: Account tweeting in support of Imran Khan is not of a British journalist,https://www.geo.tv/latest/462508-fact-check-account-tweeting-in-support-of-imran-khan-is-not-of-a-british-journalist
Fact-check: Photo of Afghan refugee children in lock-up is from Karachi,https://www.geo.tv/latest/462289-fact-check-photo-of-afghan-refugee-children-in-lock-up-is-from-karachi
"Fact-check: It’s true. Islamabad-Karachi air tickets did soar to Rs80,000",https://www.geo.tv/latest/461800-fact-check-its-true-islamabad-karachi-air-tickets-did-soar-to-rs80000
Fact-check: Fabricated image of US consul general hunting goes viral,https://www.geo.tv/latest/461585-the-image-is-forged-to-show-the-us-consul-general-officials-and-image-verification-software-confirm
Fact-check: Why was Pakistan’s flag not placed behind Bilawal during UNGA meeting?,https://www.geo.tv/latest/461142-fact-check-why-was-pakistans-flag-not-placed-behind-bilawal-during-unga-meeting
Fact-check: Google has registered in Pakistan under controversial 2021 social media rules,https://www.geo.tv/latest/459958-fact-check-google-has-registered-in-pakistan-under-controversial-2021-social-media-rules
"Fact-check: No, Lahore police has not arrested men for selling frog meat",https://www.geo.tv/latest/460187-fact-check-no-lahore-police-has-not-arrested-men-for-selling-frog-meat
Fact-check: Claims of men being housed in women hostel in Peshawar are false,https://www.geo.tv/latest/459611-fact-check-claims-of-men-being-housed-in-women-hostel-in-peshawar-are-false
Fact-check: Man claiming to be fastest runner in Pakistan is an imposter,https://www.geo.tv/latest/458957-the-certificates-provided-by-imran-sabir-to-prove-his-achievement-have-been-forged
Fact-check: Punjab has a new Gujrat division and four new districts,https://www.geo.tv/latest/458487-there-are-at-the-moment-10-divisions-and-40-districts-in-punjab-as-per-the-official-notifications-of-the-punjab-board-of-revenue
Fact-check: Video of mouse nibbling on cake is not from Balochistan,https://www.geo.tv/latest/458312-fact-check-video-of-mouse-nibbling-on-cake-is-not-from-balochistan
"Fact-check: Spain won the 2022 Polo World Cup, not Pakistan",https://www.geo.tv/latest/457776-spain-won-the-xii-fip-polo-world-championship-held-in-the-united-states-this-year
Fact-check: Shahzeb Khanzada’s tweet has been digitally altered to misquote finance minister,https://www.geo.tv/latest/457690-shahzeb-khanzadas-original-tweet-from-december-3-has-been-altered-to-include-words-about-pakistans-nuclear-program
"Fact-check: No, this is not a picture of the doctor suspended for misbehaving with patients in Punjab",https://www.geo.tv/latest/457309-fact-check-no-this-is-not-a-picture-of-the-doctor-suspended-for-misbehaving-with-patients-in-punjab
"Fact-check: Govt officials failed to prevent Murree tragedy, court finds",https://www.geo.tv/latest/457082-government-departments-and-officials-failed-to-prevent-deaths-in-murree-finds-the-lahore-high-court
Fact-check: Fake Shaun Tait Twitter account tweets about flood survivors,https://www.geo.tv/latest/456014-fact-check-fake-shaun-tait-twitter-account-tweets-about-flood-survivors
"Fact-check: New drug can delay Type 1 diabetes, not prevent it",https://www.geo.tv/latest/455787-fact-check-new-drug-can-delay-type-1-diabetes-not-prevent-it
"Fact-check: Video of Muslims praying in stadium is from 2019, not FIFA 2022",https://www.geo.tv/latest/455174-fact-check-video-of-muslims-praying-in-stadium-is-from-2019-not-fifa-2022
"Fact-check: Allegations of corruption against Ahsan Iqbal baseless, court finds",https://www.geo.tv/latest/454850-fact-check-allegations-of-corruption-against-ahsan-iqbal-baseless-court-finds
Fact-check: Miftah Ismail’s video about NAB is two years old,https://www.geo.tv/latest/454509-fact-check-miftah-ismails-video-about-nab-is-two-years-old
Fact-check: Imran Khan falsely claims PM consulting Nawaz Sharif is 'violation of Official Secrets Act',https://www.geo.tv/latest/454240-legal-experts-agree-that-the-prime-minister-has-not-violated-the-secrets-act-by-consulting-nawaz-sharif-for-the-important-military-appointment
"Fact-check: No, papaya leaf juice does not cure dengue",https://www.geo.tv/latest/453973-papaya-leaf-juice-may-cause-more-harm-than-benefit-to-dengue-patients-says-health-expert
"Fact-check: Screenshots of WhatsApp conversations between Pakistani journalists, media owners and politicians are fake",https://www.geo.tv/latest/453165-fact-check-screenshots-of-whatsapp-conversations-between-pakistani-journalists-media-owners-and-politicians-are-fake
Fact-check: Notification admonishing officials for skipping rally in support of military is fake,https://www.geo.tv/latest/453112-fact-check-notification-admonishing-officials-for-skipping-rally-in-support-of-military-is-fake
"Fact-check: Neither was Shahzeb Khanzada’s show censored, nor removed from YouTube",https://www.geo.tv/latest/452912-fact-check-neither-was-shahzeb-khanzadas-show-censored-nor-removed-from-youtube
Fact-check: It’s true. Law amended to allow private individuals to use KP's helicopter,https://www.geo.tv/latest/452687-fact-check-its-true-law-amended-to-allow-private-individuals-to-use-kps-helicopter
Fact-check: Punjab has restored extra perks for former chief ministers,https://www.geo.tv/latest/452451-fact-check-punjab-has-restored-extra-perks-for-former-chief-ministers
Fact-check: Image of the interior minister in hospital is real,https://www.geo.tv/latest/451844-the-picture-of-interior-minister-rana-sanaullah-was-taken-on-november-9-after-a-medical-checkup
"Fact-check: Not bullets but bullet fragments hit Imran Khan, confirms medical report",https://www.geo.tv/latest/451464-fact-check-not-bullets-but-bullet-fragments-hit-imran-khan-confirms-medical-report
Fact-check: Posters requesting army chief to seek extension are fake,https://www.geo.tv/latest/451054-the-real-posters-had-the-image-of-then-army-chief-general-raheel-sharif-and-date-back-to-2016
"Fact-check: Punjab is buying 93 luxury vehicles, including Fortuner SUVs, for bureaucrats",https://www.geo.tv/latest/450915-fact-check-punjab-is-buying-93-luxury-vehicles-including-fortuner-suvs-for-bureaucrats
Fact-check: Video of Imran Khan walking to his car at night is old,https://www.geo.tv/latest/450349-fact-check-video-of-imran-khan-walking-to-his-car-at-night-is-old
"Fact-check: Yes, a college in Sialkot made it mandatory for students to attend Imran Khan’s speech",https://www.geo.tv/latest/450178-fact-check-yes-a-college-in-sialkot-made-it-mandatory-for-students-to-attend-imran-khans-speech
Fact-check: Government confirms it is considering authorising FIA to act against posts about state institutions,https://www.geo.tv/latest/450067-fact-check-government-confirms-it-is-considering-authorising-fia-to-act-against-posts-about-state-institutions
"Fact-check: Notification from Islamabad police, barring hotels from hosting PTI, is fake",https://www.geo.tv/latest/449748-nearly-a-dozen-hotels-in-the-capital-and-police-confirm-that-no-notification-has-been-issued-to-stop-hotels-from-hosting-long-march-protesters
Fact-check: Footage of seized weapons is from PTI’s May 25 Long March,https://www.geo.tv/latest/449583-fact-check-footage-of-seized-weapons-is-from-ptis-may-25-long-march
Fact-check: Woman in viral video is not Arshad Sharif’s mother,https://www.geo.tv/latest/449007-the-video-of-a-woman-falsely-identified-as-the-mother-of-the-pakistani-journalist-has-been-doing-the-rounds-on-social-media
Fact-check: This Twitter account is not of a Kenyan journalist,https://www.geo.tv/latest/448822-fact-check-this-twitter-account-is-not-of-a-kenyan-journalist
Fact-check: Child in Quetta died due to pneumonia not polio vaccine,https://www.geo.tv/latest/448317-fact-check-child-in-quetta-died-due-to-pneumonia-not-polio-vaccine
Fact-check: Nasser Hussain did not accuse umpires of favouring India,https://www.geo.tv/latest/448175-the-former-captain-of-the-englands-cricket-team-did-not-comment-on-the-umpiring-during-pakistan-indias-cricket-match
Fact-check: Is there a shortage of Panadol in Pakistan?,https://www.geo.tv/latest/447758-production-of-panadol-has-been-affected-due-to-deadlock-between-manufacturer-and-government-over-price-of-medicine
Fact-check: Video does not show a lake in Gilgit-Baltistan,https://www.geo.tv/latest/446963-the-footage-is-from-the-lovatnet-lake-in-norway
Fact-check: No agreement yet to release documentary featuring Sharif family on Netflix,https://www.geo.tv/latest/446971-fact-check-no-agreement-yet-to-release-documentary-featuring-sharif-family-on-netflix
"Fact-check: No, the Sehat Card has not been suspended in Pakistan",https://www.geo.tv/latest/446761-fact-check-no-the-sehat-card-has-not-been-suspended-in-pakistan
Fact-check: Shireen Mazari shares fake medical report of Senator Azam Swati,https://www.geo.tv/latest/446163-fact-check-shireen-mazari-shares-fake-medical-report-of-senator-azam-swati
Fact-check: CM Punjab’s claim that no funds were given to flood survivors in Punjab is inaccurate,https://www.geo.tv/latest/446006-fact-check-cm-punjabs-claim-that-no-funds-were-given-to-flood-survivors-in-punjab-is-inaccurate
Fact-check: Shaukat Khanum Hospital is the second organisation in world to get JCI’s Enterprise Accreditation,https://www.geo.tv/latest/445849-fact-check-shaukat-khanum-hospital-is-second-organisation-in-world-to-get-jcis-enterprise-accreditation
Fact-check: Photo does not show Lt Gen Faiz Hameed briefing Imran Khan,https://www.geo.tv/latest/445571-fact-check-photo-does-not-show-lt-gen-faiz-hameed-briefing-imran-khan
Fact-check: Punjab chief minister has appointed 32 political assistants since taking power,https://www.geo.tv/latest/445409-fact-check-punjab-chief-minister-has-appointed-32-political-assistants-since-taking-power
Fact-check: Did ex-PM Imran Khan issue a notification to allot land to Farooq Maneka?,https://www.geo.tv/latest/444625-fact-check-did-ex-pm-imran-khan-issue-a-notification-to-allot-land-to-farooq-maneka
"Fact-check: CNN article shared by PTI leader is from 2021, not 2022",https://www.geo.tv/latest/444183-fact-check-cnn-article-shared-by-pti-leader-is-from-2021-not-2022
Fact-check: No salaries have been disbursed to PTI MNAs since resignations,https://www.geo.tv/latest/443993-fact-check-no-salaries-have-been-disbursed-to-pti-mnas-since-april
"Fact-Check: Despite claims by Imran Khan, Nawaz, Zardari did condemn drone strikes",https://www.geo.tv/latest/443983-fact-check-despite-claims-by-imran-khan-nawaz-and-zardari-did-condemn-drone-strikes
Fact-check: Old man criticising PPP and one beaten up are not same,https://www.geo.tv/latest/443468-flood-survivor-in-sindh-says-he-was-not-beaten-for-his-comments-regarding-the-ppp
Fact-check: Journalist’s killing had no link to Imran Khan and his family,https://www.geo.tv/latest/443252-fact-check-journalists-killing-had-no-link-to-imran-khan-and-his-family
Fact-check: JUI-F politician is not taking back money from flood survivors,https://www.geo.tv/latest/443091-fact-check-jui-f-politician-is-not-taking-back-money-from-flood-survivors
"Fact-check: Contrary to claims, PM did mention India revoking Kashmir’s special status at UNGA",https://www.geo.tv/latest/442658-contrary-to-claims-pm-did-mention-india-revoking-kashmirs-special-status-at-unga
"Fact-check: Social media posts, politicians share incorrect claims about Pakistan’s transgender law",https://www.geo.tv/latest/442072-fact-check-social-media-posts-politicians-share-incorrect-claims-about-pakistans-transgender-act
"Fact-check: NAB prosecutor was appointed during PTI’s term, not PM Shehbaz's",https://www.geo.tv/latest/441918-fact-check-nab-prosecutor-was-appointed-during-ptis-term-not-pm-shehbaz-sharifs
Fact-check: False posts claim politician illegally hoarded aid for flood victims,https://www.geo.tv/latest/440793-fact-check-false-posts-claim-politician-illegally-hoarded-aid-for-flood-victims
Fact-check: Dubious human rights organisation promotes Imran Khan’s PTI,https://www.geo.tv/latest/440174-fact-check-dubious-human-rights-organisation-promotes-imran-khans-pti
"Fact-check: Bad weather, not Imran Khan, prevented helicopter rescue of men stranded in Kohistan",https://www.geo.tv/latest/437327-fact-check-bad-weather-not-imran-khan-prevented-helicopter-rescue-of-men-stranded-in-kohistan
Fact-check: No evidence to support politician’s claim of corruption in flood aid to Pakistan,https://www.geo.tv/latest/437200-fact-check-no-evidence-to-support-politicians-claim-of-corruption-in-flood-aid-to-pakistan
